"","X","ride_id","rideable_type","started_at","ended_at","start_station_name","start_station_id","end_station_name","end_station_id","member_casual","ride_length","ride_time","ride_day","ride_month"
"1",4238937,"D0EA05C584905F08","classic_bike","2021-11-14 18:43:42","2021-11-14 18:46:36","Loomis St & Lexington St","13332","Racine Ave & Congress Pkwy","TA1306000025","member",2.9,18,"dim\.",11
"2",239009,"C85603F178D6197F","classic_bike","2021-03-14 14:50:34","2021-03-14 14:53:04","Southport Ave & Irving Park Rd","TA1309000043","Southport Ave & Clark St","TA1308000047","member",2.5,14,"dim\.",3
"3",2062229,"2167FD7ED96DC322","classic_bike","2021-07-27 07:32:05","2021-07-27 07:38:49","Leavitt St & Lawrence Ave","TA1309000015","Wolcott (Ravenswood) Ave & Montrose Ave","TA1307000144","member",6.73333333333333,7,"mar\.",7
"4",2087388,"546F66521062BB07","electric_bike","2021-07-19 17:49:44","2021-07-19 18:01:10","Orleans St & Merchandise Mart Plaza","TA1305000022","New St & Illinois St","TA1306000013","member",11.4333333333333,17,"lun\.",7
"5",3880082,"7ACC9CDA3EA6DBCE","electric_bike","2021-10-27 09:30:35","2021-10-27 09:35:44","Fairbanks Ct & Grand Ave","TA1305000003","Daley Center Plaza","TA1306000010","member",5.15,9,"mer\.",10
"6",1503092,"9E4CFBAC5C98D29D","classic_bike","2021-06-15 16:23:21","2021-06-15 16:35:17","Paulina St & Flournoy St","KA1504000104","Green St & Madison St","TA1307000120","member",11.9333333333333,16,"mar\.",6
"7",382634,"0F0424CA644D9D66","electric_bike","2021-04-17 00:49:44","2021-04-17 01:12:52","Keystone Ave & Montrose Ave","KA1504000164","Rockwell St & Eastwood Ave","KA1504000093","member",23.1333333333333,0,"sam\.",4
"8",557307,"89894721F5B39052","electric_bike","2021-04-29 08:03:36","2021-04-29 08:09:48","Canal St & Jackson Blvd","13138","Kingsbury St & Erie St","13265","member",6.2,8,"jeu\.",4
"9",3851246,"FCE35CF71428164C","classic_bike","2021-10-05 16:48:46","2021-10-05 16:55:10","Wells St & Elm St","KA1504000135","Halsted St & Clybourn Ave","331","member",6.4,16,"mar\.",10
"10",1246362,"B1653402B06D2875","classic_bike","2021-06-28 12:29:14","2021-06-28 12:36:27","Halsted St & 35th St","TA1308000043","Emerald Ave & 28th St","TA1307000153","member",7.21666666666667,12,"lun\.",6
"11",2864616,"1D1C70F19AFD13A1","classic_bike","2021-08-29 11:17:49","2021-08-29 11:34:42","Rush St & Cedar St","KA1504000133","Streeter Dr & Grand Ave","13022","casual",16.8833333333333,11,"dim\.",8
"12",4049362,"9BB2F2182B244E39","electric_bike","2021-10-23 13:39:46","2021-10-23 13:56:23","Honore St & Division St","TA1305000034","Larrabee St & Armitage Ave","TA1309000006","casual",16.6166666666667,13,"sam\.",10
"13",771399,"CD9010F9826EF94D","classic_bike","2021-05-14 00:42:17","2021-05-14 00:52:26","Wallace St & 35th St","TA1308000045","Lake Park Ave & 35th St","KA1503000004","casual",10.15,0,"ven\.",5
"14",3603488,"B7E6675D7D54545D","classic_bike","2021-10-20 07:10:54","2021-10-20 07:36:30","DuSable Lake Shore Dr & Monroe St","13300","Fort Dearborn Dr & 31st St","TA1307000048","member",25.6,7,"mer\.",10
"15",3025435,"AE0671DC03C28E8A","classic_bike","2021-09-11 21:37:08","2021-09-11 21:47:24","Rush St & Superior St","15530","Franklin St & Illinois St","RN-","casual",10.2666666666667,21,"sam\.",9
"16",2293253,"F7DFC443485C353C","electric_bike","2021-07-04 16:19:31","2021-07-04 16:59:07","Stave St & Armitage Ave","13266","Wells St & Concord Ln","TA1308000050","member",39.6,16,"dim\.",7
"17",1400558,"38E21CB503E7EA0F","classic_bike","2021-06-22 14:28:56","2021-06-22 15:19:50","Milwaukee Ave & Wabansia Ave","13243","Milwaukee Ave & Wabansia Ave","13243","casual",50.9,14,"mar\.",6
"18",3496992,"B113767317B394C9","classic_bike","2021-09-12 19:58:11","2021-09-12 20:28:37","Wells St & Concord Ln","TA1308000050","Dusable Harbor","KA1503000064","casual",30.4333333333333,19,"dim\.",9
"19",490888,"9EF93680A6F082F7","classic_bike","2021-04-24 07:48:32","2021-04-24 07:57:28","Seeley Ave & Roscoe St","13144","Southport Ave & Roscoe St","13071","member",8.93333333333333,7,"sam\.",4
"20",1280428,"A270BBB134223575","classic_bike","2021-06-15 17:05:07","2021-06-15 17:22:22","Clinton St & Washington Blvd","WL-012","Ritchie Ct & Banks St","KA1504000134","casual",17.25,17,"mar\.",6
"21",1754106,"8F4F09D30AEE2C95","classic_bike","2021-07-02 20:31:26","2021-07-02 20:52:53","Field Blvd & South Water St","15534","Bissell St & Armitage Ave","13059","member",21.45,20,"ven\.",7
"22",769632,"848003CAC45B0B36","classic_bike","2021-05-29 09:40:18","2021-05-29 09:55:48","Dearborn St & Erie St","13045","Ashland Ave & Division St","13061","member",15.5,9,"sam\.",5
"23",1680679,"3E3B3636986ADF09","classic_bike","2021-07-25 13:43:08","2021-07-25 14:08:34","Damen Ave & Chicago Ave","13132","Clark St & North Ave","13128","casual",25.4333333333333,13,"dim\.",7
"24",691105,"790D3FF057F06F72","electric_bike","2021-05-15 13:14:17","2021-05-15 13:18:44","Clark St & Wellington Ave","TA1307000136","Broadway & Cornelia Ave","13278","member",4.45,13,"sam\.",5
"25",4114525,"E0F29043B36ACD9D","classic_bike","2021-11-03 19:16:33","2021-11-03 19:34:31","Pine Grove Ave & Irving Park Rd","TA1308000022","DuSable Lake Shore Dr & North Blvd","LF-005","member",17.9666666666667,19,"mer\.",11
"26",290919,"3627D3BCF83CD6DD","classic_bike","2021-04-11 21:22:28","2021-04-11 21:30:24","Clark St & Berwyn Ave","KA1504000146","Damen Ave & Leland Ave","TA1307000158","member",7.93333333333333,21,"dim\.",4
"27",1809124,"58558934494F4390","docked_bike","2021-07-09 14:16:43","2021-07-09 14:35:48","State St & Randolph St","TA1305000029","Financial Pl & Ida B Wells Dr","SL-010","casual",19.0833333333333,14,"ven\.",7
"28",1525816,"FAE06D0A4F904691","classic_bike","2021-06-22 17:20:32","2021-06-22 17:42:13","Morgan St & Lake St","TA1306000015","Walsh Park","18067","member",21.6833333333333,17,"mar\.",6
"29",1297946,"2AA5842553E8C1B9","classic_bike","2021-06-21 19:25:10","2021-06-21 19:47:09","Streeter Dr & Grand Ave","13022","LaSalle Dr & Huron St","KP1705001026","casual",21.9833333333333,19,"lun\.",6
"30",139224,"DE767FBCCCF1B765","electric_bike","2021-03-04 11:38:50","2021-03-04 11:53:50","Broadway & Sheridan Rd","13323","Clark St & Bryn Mawr Ave","KA1504000151","member",15,11,"jeu\.",3
"31",100140,"D4D121975DDF32D6","classic_bike","2021-03-04 18:46:04","2021-03-04 18:51:42","Lincoln Ave & Belmont Ave","TA1309000042","Sheffield Ave & Wellington Ave","TA1307000052","member",5.63333333333333,18,"jeu\.",3
"32",839306,"A7A0F326803C77BF","classic_bike","2021-05-18 12:21:49","2021-05-18 12:26:22","Wilton Ave & Belmont Ave","TA1307000134","Sheffield Ave & Waveland Ave","TA1307000126","member",4.55,12,"mar\.",5
"33",4471136,"2F0FCB54E44A27F7","classic_bike","2021-12-13 08:34:05","2021-12-13 08:42:24","Orleans St & Elm St","TA1306000006","St. Clair St & Erie St","13016","member",8.31666666666667,8,"lun\.",12
"34",2161272,"43536B9B308B86CB","electric_bike","2021-07-08 09:01:26","2021-07-08 09:04:35","Clinton St & Lake St","13021","Clinton St & Madison St","TA1305000032","casual",3.15,9,"jeu\.",7
"35",4245327,"C6930B55B00F0E9D","classic_bike","2021-11-23 16:17:39","2021-11-23 16:37:20","St. Clair St & Erie St","13016","Ashland Ave & Augusta Blvd","13248","member",19.6833333333333,16,"mar\.",11
"36",1273697,"D89856CB6FC21DBC","classic_bike","2021-06-03 20:25:58","2021-06-03 20:33:33","Stockton Dr & Wrightwood Ave","13276","Sheffield Ave & Wrightwood Ave","TA1309000023","member",7.58333333333333,20,"jeu\.",6
"37",1872208,"5450592EFAEF6901","docked_bike","2021-07-23 19:03:24","2021-07-23 19:28:55","Lincoln Ave & Roscoe St","TA1307000138","Logan Blvd & Elston Ave","TA1308000031","casual",25.5166666666667,19,"ven\.",7
"38",3042175,"9442EFAB330E0F69","classic_bike","2021-09-06 14:09:55","2021-09-06 14:30:04","Logan Blvd & Elston Ave","TA1308000031","Kedzie Ave & Palmer Ct","13292","member",20.15,14,"lun\.",9
"39",1407047,"3E2C260273C6A983","classic_bike","2021-06-01 13:40:46","2021-06-01 14:30:52","Clark St & Schiller St","TA1309000024","Streeter Dr & Grand Ave","13022","member",50.1,13,"mar\.",6
"40",2596898,"EB2C59F748749583","classic_bike","2021-08-03 17:12:28","2021-08-03 17:20:49","LaSalle St & Illinois St","13430","Dearborn St & Van Buren St","624","member",8.35,17,"mar\.",8
"41",3480141,"EA846D90FC3FB062","classic_bike","2021-09-26 16:43:30","2021-09-26 16:56:19","Franklin St & Lake St","TA1307000111","New St & Illinois St","TA1306000013","casual",12.8166666666667,16,"dim\.",9
"42",4131781,"8D95CF6838468DB4","electric_bike","2021-11-30 08:16:51","2021-11-30 08:18:41","Broadway & Ridge Ave","15578","Broadway & Ridge Ave","15578","member",1.83333333333333,8,"mar\.",11
"43",1582770,"2B7D8E5F3A6E903E","electric_bike","2021-06-10 12:13:49","2021-06-10 12:24:52","Lakefront Trail & Bryn Mawr Ave","KA1504000152","Clarendon Ave & Gordon Ter","13379","member",11.05,12,"jeu\.",6
"44",3039832,"8B1DC15539710E76","classic_bike","2021-09-03 11:48:10","2021-09-03 11:54:52","Clarendon Ave & Junior Ter","13389","Broadway & Waveland Ave","13325","member",6.7,11,"ven\.",9
"45",4040299,"9D0ED156B522C8EF","classic_bike","2021-10-10 02:01:08","2021-10-10 02:21:54","Franklin St & Chicago Ave","13017","Dearborn St & Van Buren St","624","member",20.7666666666667,2,"dim\.",10
"46",1774198,"DD5704500D99CAA3","electric_bike","2021-07-03 17:22:17","2021-07-03 17:27:54","Racine Ave & 13th St","13165","May St & Taylor St","13160","casual",5.61666666666667,17,"sam\.",7
"47",2862382,"CCBDDC5D7146B2CA","classic_bike","2021-08-30 14:53:00","2021-08-30 15:14:33","Sedgwick St & Webster Ave","13191","Milwaukee Ave & Wabansia Ave","13243","casual",21.55,14,"lun\.",8
"48",184906,"F7F466A03519B97C","classic_bike","2021-03-03 22:53:09","2021-03-03 23:08:04","Clark St & Schreiber Ave","KA1504000156","Damen Ave & Foster Ave","KA1504000149","casual",14.9166666666667,22,"mer\.",3
"49",354734,"4C013083E401E260","classic_bike","2021-04-06 16:50:39","2021-04-06 17:28:07","Cornell Ave & Hyde Park Blvd","KA1503000007","Dusable Harbor","KA1503000064","member",37.4666666666667,16,"mar\.",4
"50",2684773,"A16B3FDC9C65FF0B","classic_bike","2021-08-20 02:10:26","2021-08-20 02:19:45","Southport Ave & Clybourn Ave","TA1309000030","Clifton Ave & Armitage Ave","TA1307000163","casual",9.31666666666667,2,"ven\.",8
"51",4412662,"44058580E85D24DC","classic_bike","2021-12-01 16:46:00","2021-12-01 16:48:36","State St & 35th St","TA1307000129","Calumet Ave & 35th St","13345","member",2.6,16,"mer\.",12
"52",1082933,"C45A4F6DFD176741","classic_bike","2021-06-22 08:06:15","2021-06-22 08:12:43","Calumet Ave & 35th St","13345","Prairie Ave & 43rd St","KA1503000027","member",6.46666666666667,8,"mar\.",6
"53",3711931,"342EBB4FB6051558","classic_bike","2021-10-07 13:39:36","2021-10-07 13:43:43","Racine Ave & Congress Pkwy","TA1306000025","900 W Harrison St","13028","casual",4.11666666666667,13,"jeu\.",10
"54",666849,"55F7025ED5776EB4","classic_bike","2021-05-02 11:39:16","2021-05-02 11:48:20","Broadway & Sheridan Rd","13323","Clark St & Drummond Pl","TA1307000142","member",9.06666666666667,11,"dim\.",5
"55",1313331,"5B8A4A3146D69EAE","electric_bike","2021-06-25 13:07:38","2021-06-25 13:19:40","Halsted St & 18th St","13099","Wabash Ave & 9th St","TA1309000010","casual",12.0333333333333,13,"ven\.",6
"56",4211031,"D81BBE4ABD074560","electric_bike","2021-11-11 14:36:57","2021-11-11 14:55:16","California Ave & North Ave","13258","Lincoln Ave & Roscoe St","TA1307000138","member",18.3166666666667,14,"jeu\.",11
"57",225823,"CBAB7ED97AB08464","docked_bike","2021-03-20 17:56:38","2021-03-20 18:09:51","Sheffield Ave & Kingsbury St","13154","Wells St & Huron St","TA1306000012","casual",13.2166666666667,17,"sam\.",3
"58",3897270,"EB4C1A66F18F83D3","classic_bike","2021-10-10 10:34:31","2021-10-10 10:36:56","Franklin St & Illinois St","RN-","Orleans St & Merchandise Mart Plaza","TA1305000022","member",2.41666666666667,10,"dim\.",10
"59",1406611,"A0C248BA30586B72","classic_bike","2021-06-23 19:58:44","2021-06-23 20:00:03","Streeter Dr & Grand Ave","13022","Streeter Dr & Grand Ave","13022","member",1.31666666666667,19,"mer\.",6
"60",930495,"05D33A524F76C237","electric_bike","2021-05-11 19:34:08","2021-05-11 19:55:19","LaSalle St & Washington St","13006","Ashland Ave & Augusta Blvd","13248","casual",21.1833333333333,19,"mar\.",5
"61",1440421,"E571559D66B53F5A","electric_bike","2021-06-07 17:09:13","2021-06-07 17:29:26","Lincoln Park Conservatory","LP-","Sheridan Rd & Lawrence Ave","TA1309000041","member",20.2166666666667,17,"lun\.",6
"62",4379963,"528AB67C529048D0","classic_bike","2021-12-16 13:34:13","2021-12-16 13:59:48","Wabash Ave & 16th St","SL-012","Desplaines St & Randolph St","15535","casual",25.5833333333333,13,"jeu\.",12
"63",512982,"344A8C315AA2DF5D","classic_bike","2021-04-12 18:41:42","2021-04-12 18:58:35","Streeter Dr & Grand Ave","13022","Clark St & Elm St","TA1307000039","member",16.8833333333333,18,"lun\.",4
"64",434910,"6AE79D6338EB7078","classic_bike","2021-04-25 12:56:07","2021-04-25 13:10:26","Wells St & Evergreen Ave","TA1308000049","Burling St & Diversey Pkwy","TA1309000036","member",14.3166666666667,12,"dim\.",4
"65",3552515,"A43172D4733B63A3","classic_bike","2021-09-08 06:47:06","2021-09-08 06:52:45","Orleans St & Elm St","TA1306000006","Franklin St & Illinois St","RN-","casual",5.65,6,"mer\.",9
"66",1706905,"5EF1BA9DF9BB7AA1","classic_bike","2021-07-24 16:34:34","2021-07-24 16:39:14","Southport Ave & Wellington Ave","TA1307000006","Greenview Ave & Fullerton Ave","TA1307000001","casual",4.66666666666667,16,"sam\.",7
"67",2220008,"B257BF7962EF0455","classic_bike","2021-07-29 18:19:14","2021-07-29 18:47:17","Ellis Ave & 55th St","KA1504000076","Lake Park Ave & 47th St","TA1308000035","casual",28.05,18,"jeu\.",7
"68",1342772,"41A13D484B158F31","classic_bike","2021-06-01 18:49:08","2021-06-01 19:20:00","Clinton St & Lake St","13021","Desplaines St & Kinzie St","TA1306000003","casual",30.8666666666667,18,"mar\.",6
"69",1680945,"0959176D94A79BEB","classic_bike","2021-07-12 09:13:15","2021-07-12 09:19:36","Sheffield Ave & Wellington Ave","TA1307000052","Clark St & Newport St","632","member",6.35,9,"lun\.",7
"70",3887161,"1D4620C6B12F2621","electric_bike","2021-10-17 10:46:28","2021-10-17 10:55:56","Mies van der Rohe Way & Chestnut St","15529","Ogden Ave & Chicago Ave","TA1305000020","member",9.46666666666667,10,"dim\.",10
"71",3384462,"FC606B59C9E3ADF4","classic_bike","2021-09-14 20:28:25","2021-09-14 20:46:14","Noble St & Milwaukee Ave","13290","Clark St & Lake St","KA1503000012","member",17.8166666666667,20,"mar\.",9
"72",381825,"42B7A21DF573F471","classic_bike","2021-04-06 17:19:10","2021-04-06 17:30:48","Racine Ave & Wrightwood Ave","TA1309000059","Sheffield Ave & Waveland Ave","TA1307000126","casual",11.6333333333333,17,"mar\.",4
"73",4310308,"EB1C687BDD2DC62E","classic_bike","2021-12-30 12:47:42","2021-12-30 13:18:38","Burnham Harbor","15545","Lake Park Ave & 35th St","KA1503000004","member",30.9333333333333,12,"jeu\.",12
"74",2629558,"6E96D96D5B517EB7","classic_bike","2021-08-20 17:22:51","2021-08-20 17:31:51","Orleans St & Elm St","TA1306000006","Sheffield Ave & Kingsbury St","13154","casual",9,17,"ven\.",8
"75",838052,"E9180F65D8435D07","docked_bike","2021-05-30 18:05:39","2021-05-30 18:41:20","Dusable Harbor","KA1503000064","Dusable Harbor","KA1503000064","casual",35.6833333333333,18,"dim\.",5
"76",3031463,"3892A2A0196754FC","classic_bike","2021-09-17 23:41:00","2021-09-17 23:59:53","Broadway & Berwyn Ave","13109","Clark St & Bryn Mawr Ave","KA1504000151","member",18.8833333333333,23,"ven\.",9
"77",681169,"1FE7AFE1F34D5976","classic_bike","2021-05-27 17:50:02","2021-05-27 18:56:23","Ashland Ave & 50th St","16940","Western & 28th - Velasquez Institute Vaccination Site","KA1504000168","casual",66.35,17,"jeu\.",5
"78",2077675,"F355B70FD4CFF83D","classic_bike","2021-07-31 02:03:23","2021-07-31 02:46:27","Ashland Ave & Division St","13061","Broadway & Argyle St","13108","casual",43.0666666666667,2,"sam\.",7
"79",1878212,"EF2ACBF8D617A1D2","classic_bike","2021-07-20 14:55:23","2021-07-20 15:00:46","Clark St & Drummond Pl","TA1307000142","Sedgwick St & Webster Ave","13191","member",5.38333333333333,14,"mar\.",7
"80",1843416,"53E989937E3A6B13","docked_bike","2021-07-23 15:24:23","2021-07-23 15:57:04","DuSable Lake Shore Dr & Monroe St","13300","Shedd Aquarium","15544","casual",32.6833333333333,15,"ven\.",7
"81",4365693,"D197527850E2662D","electric_bike","2021-12-03 16:55:49","2021-12-03 17:15:25","LaSalle St & Illinois St","13430","Wabash Ave & 16th St","SL-012","member",19.6,16,"ven\.",12
"82",1230022,"3FDBCE22F1494E07","classic_bike","2021-06-06 13:34:53","2021-06-06 13:57:17","Mies van der Rohe Way & Chestnut St","15529","Dayton St & North Ave","13058","member",22.4,13,"dim\.",6
"83",2547155,"3D56342D98DB50E2","classic_bike","2021-08-17 18:20:23","2021-08-17 18:27:20","Wells St & Concord Ln","TA1308000050","Clark St & Elm St","TA1307000039","member",6.95,18,"mar\.",8
"84",3349026,"EED2086D08A95A5A","classic_bike","2021-09-14 17:29:09","2021-09-14 17:44:22","Western Ave & Winnebago Ave","13068","Racine Ave & Fullerton Ave","TA1306000026","member",15.2166666666667,17,"mar\.",9
"85",1535038,"3C3233E60E4D9863","classic_bike","2021-06-05 12:09:15","2021-06-05 12:16:52","Broadway & Waveland Ave","13325","Broadway & Barry Ave","13137","member",7.61666666666667,12,"sam\.",6
"86",907606,"F60104773B5C05AA","classic_bike","2021-05-11 11:25:29","2021-05-11 11:30:04","Lake Shore Dr & Diversey Pkwy","TA1309000039","Lakeview Ave & Fullerton Pkwy","TA1309000019","member",4.58333333333333,11,"mar\.",5
"87",2821100,"B760499D0FB531C0","classic_bike","2021-08-02 16:32:57","2021-08-02 16:37:24","Millennium Park","13008","Millennium Park","13008","casual",4.45,16,"lun\.",8
"88",1803931,"3F52E5CE80FBCB77","classic_bike","2021-07-31 21:39:37","2021-07-31 22:04:17","Columbus Dr & Randolph St","13263","McClurg Ct & Erie St","KA1503000041","member",24.6666666666667,21,"sam\.",7
"89",477497,"BDDE8F10D72687D6","classic_bike","2021-04-04 21:27:29","2021-04-04 22:19:06","Delano Ct & Roosevelt Rd","KA1706005007","Calumet Ave & 21st St","15546","casual",51.6166666666667,21,"dim\.",4
"90",3862551,"22E22C4B9A3F0A39","classic_bike","2021-10-12 19:01:46","2021-10-12 19:15:48","Wabash Ave & Grand Ave","TA1307000117","Dusable Harbor","KA1503000064","casual",14.0333333333333,19,"mar\.",10
"91",1236499,"56B690F6E12D8AB1","electric_bike","2021-06-01 16:12:51","2021-06-01 16:29:50","Wells St & Hubbard St","TA1307000151","Clark St & Wrightwood Ave","TA1305000014","member",16.9833333333333,16,"mar\.",6
"92",3080052,"267A6C42161ADB18","classic_bike","2021-09-29 22:52:49","2021-09-29 23:01:03","Chicago Ave & Washington St","E002","Ridge Blvd & Howard St","514","casual",8.23333333333333,22,"mer\.",9
"93",37788,"55C75B9F94B93BE1","electric_bike","2021-02-27 14:45:54","2021-02-27 16:24:46","Damen Ave & Pierce Ave","TA1305000041","Buckingham Fountain","15541","member",98.8666666666667,14,"sam\.",2
"94",2959344,"30A28534EE69BE09","electric_bike","2021-08-12 17:27:10","2021-08-12 17:57:42","Canal St & Adams St","13011","Richmond St & Diversey Ave","15645","member",30.5333333333333,17,"jeu\.",8
"95",1122958,"56A8B2957760F968","classic_bike","2021-06-02 13:35:56","2021-06-02 13:48:11","Milwaukee Ave & Grand Ave","13033","Wells St & Elm St","KA1504000135","member",12.25,13,"mer\.",6
"96",125924,"25D706D2BA06CACA","classic_bike","2021-03-29 17:37:25","2021-03-29 17:56:24","Larrabee St & Kingsbury St","TA1306000009","Clark St & Wellington Ave","TA1307000136","casual",18.9833333333333,17,"lun\.",3
"97",1952704,"3573EE54D3CACB8D","classic_bike","2021-07-09 17:21:42","2021-07-09 20:07:52","Kingsbury St & Erie St","13265","Racine Ave & Washington Blvd","654","casual",166.166666666667,17,"ven\.",7
"98",2314711,"A45BF882E7214C8C","classic_bike","2021-08-13 14:46:20","2021-08-13 15:05:15","Damen Ave & Wellington Ave","13268","California Ave & North Ave","13258","member",18.9166666666667,14,"ven\.",8
"99",4305097,"01C049D5E5F6A01C","classic_bike","2021-11-05 12:06:56","2021-11-05 12:12:11","Chicago Ave & Sheridan Rd","E008","Sheridan Rd & Noyes St (NU)","604","member",5.25,12,"ven\.",11
"100",3034520,"87DDF08F7D0D2106","classic_bike","2021-09-16 07:46:53","2021-09-16 07:59:58","Racine Ave & 18th St","13164","Clinton St & Jackson Blvd","638","member",13.0833333333333,7,"jeu\.",9
"101",1099603,"20E6AA20CB809B2F","electric_bike","2021-06-28 19:45:20","2021-06-28 19:57:16","Clark St & 9th St (AMLI)","SL-009","Emerald Ave & 31st St","TA1309000055","member",11.9333333333333,19,"lun\.",6
"102",312172,"7449D40B74AFEF94","classic_bike","2021-04-27 12:39:53","2021-04-27 12:47:40","Wallace St & 35th St","TA1308000045","State St & 33rd St","13216","member",7.78333333333333,12,"mar\.",4
"103",3302747,"9D768E7E9C44FEBB","classic_bike","2021-09-18 14:26:43","2021-09-18 14:47:29","Financial Pl & Ida B Wells Dr","SL-010","LaSalle Dr & Huron St","KP1705001026","casual",20.7666666666667,14,"sam\.",9
"104",2530608,"9448128BCBEB04FE","classic_bike","2021-08-09 18:50:24","2021-08-09 18:56:59","Wabash Ave & Adams St","KA1503000015","Clark St & 9th St (AMLI)","SL-009","member",6.58333333333333,18,"lun\.",8
"105",1307502,"8AA3855930C7B4A7","classic_bike","2021-06-15 01:26:32","2021-06-15 02:00:53","Clark St & Wellington Ave","TA1307000136","Clark St & Drummond Pl","TA1307000142","member",34.35,1,"mar\.",6
"106",1969202,"86A5BAFB56F3478C","classic_bike","2021-07-09 18:11:07","2021-07-09 18:17:09","LaSalle St & Illinois St","13430","Dearborn Pkwy & Delaware Pl","TA1307000128","member",6.03333333333333,18,"ven\.",7
"107",1963850,"26EA3861B95C607E","electric_bike","2021-07-29 09:09:13","2021-07-29 09:20:00","Cityfront Plaza Dr & Pioneer Ct","13427","Michigan Ave & Ida B Wells Dr","TA1305000010","casual",10.7833333333333,9,"jeu\.",7
"108",1476775,"9A36107887A49575","classic_bike","2021-06-22 17:24:05","2021-06-22 17:32:03","Sheridan Rd & Columbia Ave","660","Sheridan Rd & Greenleaf Ave","KA1504000159","casual",7.96666666666667,17,"mar\.",6
"109",568445,"96522ACC5569EC42","classic_bike","2021-04-24 06:35:03","2021-04-24 06:48:05","Pine Grove Ave & Irving Park Rd","TA1308000022","Sheffield Ave & Wellington Ave","TA1307000052","member",13.0333333333333,6,"sam\.",4
"110",4173474,"2BB3940B7D7CDB72","classic_bike","2021-11-01 18:47:13","2021-11-01 18:51:49","Clark St & Randolph St","TA1305000030","Rush St & Hubbard St","KA1503000044","member",4.6,18,"lun\.",11
"111",3241191,"554203AACEB9CA1E","classic_bike","2021-09-03 20:09:09","2021-09-03 20:32:21","Clark St & Schreiber Ave","KA1504000156","Clark St & Montrose Ave","KA1503000022","member",23.2,20,"ven\.",9
"112",1476580,"075BADC0E1D2273B","electric_bike","2021-06-28 14:14:14","2021-06-28 14:55:21","Adler Planetarium","13431","Adler Planetarium","13431","casual",41.1166666666667,14,"lun\.",6
"113",1619296,"62384626728D58B6","classic_bike","2021-06-20 16:55:00","2021-06-20 17:18:41","Michigan Ave & Oak St","13042","Michigan Ave & Oak St","13042","casual",23.6833333333333,16,"dim\.",6
"114",127210,"E54BED5D2C5370A5","classic_bike","2021-03-07 12:57:13","2021-03-07 13:00:31","Elizabeth (May) St & Fulton St","13197","Aberdeen St & Randolph St","18062","member",3.3,12,"dim\.",3
"115",204126,"4767F1AE93D7CBA1","docked_bike","2021-03-24 17:09:44","2021-03-24 17:50:31","Wells St & Huron St","TA1306000012","LaSalle Dr & Huron St","KP1705001026","casual",40.7833333333333,17,"mer\.",3
"116",1864246,"963A31B854A9A203","classic_bike","2021-07-24 06:42:39","2021-07-24 07:25:26","Broadway & Thorndale Ave","15575","Ashland Ave & Blackhawk St","13224","member",42.7833333333333,6,"sam\.",7
"117",1141153,"5C5478E236C42BFC","electric_bike","2021-06-30 12:08:11","2021-06-30 12:40:10","Clarendon Ave & Leland Ave","TA1307000119","Lincoln Ave & Belle Plaine Ave","TA1309000026","member",31.9833333333333,12,"mer\.",6
"118",3032130,"2CF8D84C0F62BA94","classic_bike","2021-09-19 14:17:26","2021-09-19 14:40:54","Streeter Dr & Grand Ave","13022","Streeter Dr & Grand Ave","13022","casual",23.4666666666667,14,"dim\.",9
"119",2343401,"B38438DF0C59F645","classic_bike","2021-08-28 12:58:59","2021-08-28 13:35:26","DuSable Lake Shore Dr & North Blvd","LF-005","Clark St & Schiller St","TA1309000024","casual",36.45,12,"sam\.",8
"120",3401749,"5C07F94FECB70D06","docked_bike","2021-09-08 10:02:06","2021-09-08 10:40:59","DuSable Lake Shore Dr & Monroe St","13300","Adler Planetarium","13431","casual",38.8833333333333,10,"mer\.",9
"121",1771828,"45364CA1014AEF97","classic_bike","2021-07-14 13:34:57","2021-07-14 13:54:42","Leavitt St & Belmont Ave","KA17018068","Lincoln Ave & Addison St","TA1309000050","member",19.75,13,"mer\.",7
"122",33647,"558CEF777966BA5F","classic_bike","2021-01-04 13:25:35","2021-01-04 13:53:26","Blackstone Ave & Hyde Park Blvd","13398","Burnham Harbor","15545","member",27.85,13,"lun\.",1
"123",194273,"0A051889508686C3","docked_bike","2021-03-09 21:06:08","2021-03-09 21:54:56","Stockton Dr & Wrightwood Ave","13276","Stockton Dr & Wrightwood Ave","13276","casual",48.8,21,"mar\.",3
"124",629931,"A761CB45CE03FE3B","classic_bike","2021-05-06 17:44:18","2021-05-06 18:04:59","Logan Blvd & Elston Ave","TA1308000031","Wilton Ave & Belmont Ave","TA1307000134","member",20.6833333333333,17,"jeu\.",5
"125",4428131,"5201E0FAD54631E8","classic_bike","2021-12-01 21:46:08","2021-12-01 22:03:51","Damen Ave & Thomas St (Augusta Blvd)","TA1307000070","Damen Ave & Thomas St (Augusta Blvd)","TA1307000070","member",17.7166666666667,21,"mer\.",12
"126",4372891,"4BE01224083D62DA","electric_bike","2021-12-22 08:51:42","2021-12-22 09:01:25","Financial Pl & Ida B Wells Dr","SL-010","Franklin St & Chicago Ave","13017","member",9.71666666666667,8,"mer\.",12
"127",858723,"3E48FF3888B7B92E","classic_bike","2021-05-25 08:59:14","2021-05-25 09:06:51","Ashland Ave & Wellington Ave","13269","Clark St & Wellington Ave","TA1307000136","member",7.61666666666667,8,"mar\.",5
"128",3746099,"3E6349BFE32770A8","electric_bike","2021-10-20 07:07:31","2021-10-20 07:23:03","Halsted St & Willow St","TA1307000166","Franklin St & Monroe St","TA1309000007","member",15.5333333333333,7,"mer\.",10
"129",2244825,"A355E408DDFEFED0","electric_bike","2021-07-30 15:32:09","2021-07-30 15:41:39","Kingsbury St & Erie St","13265","Michigan Ave & Lake St","TA1305000011","casual",9.5,15,"ven\.",7
"130",3119561,"47F9E3B53CAAC635","classic_bike","2021-09-05 15:54:17","2021-09-05 16:01:22","Michigan Ave & 8th St","623","Michigan Ave & 18th St","13150","member",7.08333333333333,15,"dim\.",9
"131",72917,"9F40EDF86D0FFAF2","electric_bike","2021-02-27 13:32:44","2021-02-27 13:37:31","Sheffield Ave & Wellington Ave","TA1307000052","Southport Ave & Belmont Ave","13229","casual",4.78333333333333,13,"sam\.",2
"132",3451427,"26FBCFA7B45F1A21","classic_bike","2021-09-09 17:59:49","2021-09-09 18:07:49","Bissell St & Armitage Ave","13059","Wells St & Concord Ln","TA1308000050","member",8,17,"jeu\.",9
"133",1195716,"C8DEC3843846C941","classic_bike","2021-06-03 12:48:56","2021-06-03 12:54:29","Clark St & Grace St","TA1307000127","Racine Ave & Belmont Ave","TA1308000019","member",5.55,12,"jeu\.",6
"134",4372192,"525AB265C387FFCF","classic_bike","2021-12-16 13:38:04","2021-12-16 14:05:35","DuSable Lake Shore Dr & Monroe St","13300","Streeter Dr & Grand Ave","13022","casual",27.5166666666667,13,"jeu\.",12
"135",2523700,"6EB600A69B7D826F","electric_bike","2021-08-19 20:19:23","2021-08-19 20:39:23","Elizabeth (May) St & Fulton St","13197","California Ave & Cortez St","17660","casual",20,20,"jeu\.",8
"136",1191919,"9A9674E36F39820D","electric_bike","2021-06-01 17:27:06","2021-06-01 17:35:21","Clinton St & Roosevelt Rd","WL-008","Racine Ave & 18th St","13164","member",8.25,17,"mar\.",6
"137",2385177,"B374005E36C4BA64","electric_bike","2021-08-24 13:08:24","2021-08-24 13:15:25","Wabash Ave & Grand Ave","TA1307000117","Kingsbury St & Kinzie St","KA1503000043","member",7.01666666666667,13,"mar\.",8
"138",4173249,"12D27EB9B26DF1F1","classic_bike","2021-11-13 11:12:16","2021-11-13 11:18:26","Loomis St & Lexington St","13332","Halsted St & Polk St","TA1307000121","member",6.16666666666667,11,"sam\.",11
"139",255157,"E702630E21A35A56","classic_bike","2021-03-21 14:36:11","2021-03-21 15:09:47","Broadway & Berwyn Ave","13109","Montrose Harbor","TA1308000012","casual",33.6,14,"dim\.",3
"140",4187513,"106019921C672C66","classic_bike","2021-11-18 13:55:20","2021-11-18 14:01:40","Clark St & Wellington Ave","TA1307000136","Wilton Ave & Diversey Pkwy","TA1306000014","member",6.33333333333333,13,"jeu\.",11
"141",1503329,"4AB5E73FD98435F4","electric_bike","2021-06-06 21:03:14","2021-06-06 21:39:41","Wabash Ave & 16th St","SL-012","State St & Van Buren St","TA1305000035","casual",36.45,21,"dim\.",6
"142",3011355,"5921FBB532354F44","electric_bike","2021-09-14 07:04:25","2021-09-14 07:09:44","Wabash Ave & Grand Ave","TA1307000117","LaSalle St & Jackson Blvd","TA1309000004","member",5.31666666666667,7,"mar\.",9
"143",1385659,"16526B479CBAE947","classic_bike","2021-06-14 21:53:25","2021-06-14 22:04:36","Halsted St & Roscoe St","TA1309000025","Broadway & Cornelia Ave","13278","member",11.1833333333333,21,"lun\.",6
"144",4465926,"2F2F4A46296BE987","classic_bike","2021-12-08 11:08:08","2021-12-08 11:11:12","State St & 35th St","TA1307000129","State St & 33rd St","13216","member",3.06666666666667,11,"mer\.",12
"145",3062133,"373828660AFA9F55","classic_bike","2021-09-05 10:07:06","2021-09-05 11:47:26","Cannon Dr & Fullerton Ave","13124","Cannon Dr & Fullerton Ave","13124","casual",100.333333333333,10,"dim\.",9
"146",418263,"19781A5D1F72F2FF","classic_bike","2021-04-09 12:49:50","2021-04-09 13:14:59","Burling St & Diversey Pkwy","TA1309000036","Fairbanks St & Superior St","18003","member",25.15,12,"ven\.",4
"147",3642466,"BE5E8071850A1853","classic_bike","2021-10-15 23:29:40","2021-10-15 23:34:41","Walsh Park","18067","Ashland Ave & Division St","13061","member",5.01666666666667,23,"ven\.",10
"148",1113461,"FD6F30BC992BD7E7","classic_bike","2021-06-09 21:24:01","2021-06-09 21:37:57","Halsted St & Wrightwood Ave","TA1309000061","Damen Ave & Charleston St","13288","member",13.9333333333333,21,"mer\.",6
"149",4461578,"865211A518A246E9","classic_bike","2021-12-08 19:01:40","2021-12-08 19:06:28","Dearborn St & Erie St","13045","Clark St & Elm St","TA1307000039","member",4.8,19,"mer\.",12
"150",4035257,"B068782BE703A83D","classic_bike","2021-10-09 17:50:27","2021-10-09 18:30:21","State St & 19th St","SL-013","Streeter Dr & Grand Ave","13022","casual",39.9,17,"sam\.",10
"151",633944,"23846D1225EAB436","classic_bike","2021-05-11 06:08:33","2021-05-11 06:12:37","Leavitt St & Belmont Ave","KA17018068","Damen Ave & Clybourn Ave","13271","member",4.06666666666667,6,"mar\.",5
"152",4181869,"AF2370BBA42EC2AD","classic_bike","2021-11-29 17:11:52","2021-11-29 17:46:55","McClurg Ct & Erie St","KA1503000041","Morgan Ave & 14th Pl","TA1306000002","member",35.05,17,"lun\.",11
"153",1347551,"2AEFF35C455D0AAB","classic_bike","2021-06-05 15:19:25","2021-06-05 15:22:44","Greenview Ave & Diversey Pkwy","13294","Ashland Ave & Wrightwood Ave","13296","member",3.31666666666667,15,"sam\.",6
"154",2398158,"F345B56B8FC16245","classic_bike","2021-08-17 19:20:28","2021-08-17 19:33:39","Noble St & Milwaukee Ave","13290","Green St & Randolph St","13053","casual",13.1833333333333,19,"mar\.",8
"155",3284185,"ECD535F0CE7F3534","classic_bike","2021-09-27 21:53:30","2021-09-27 21:59:44","Damen Ave & Cortland St","13133","Damen Ave & Thomas St (Augusta Blvd)","TA1307000070","casual",6.23333333333333,21,"lun\.",9
"156",1181191,"3BAE1C0AE5783EFA","electric_bike","2021-06-06 02:38:16","2021-06-06 02:50:14","Clark St & Chicago Ave","13303","Bissell St & Armitage Ave","13059","casual",11.9666666666667,2,"dim\.",6
"157",3891765,"9A44BDCF93994C80","electric_bike","2021-10-26 08:19:49","2021-10-26 08:45:05","Sheridan Rd & Irving Park Rd","13063","DuSable Lake Shore Dr & Monroe St","13300","casual",25.2666666666667,8,"mar\.",10
"158",3426047,"FB74E157CECEB0C9","classic_bike","2021-09-09 15:42:38","2021-09-09 15:50:21","Cityfront Plaza Dr & Pioneer Ct","13427","Michigan Ave & Pearson St","13034","casual",7.71666666666667,15,"jeu\.",9
"159",1996696,"E4C1850007686CE1","electric_bike","2021-07-27 18:57:14","2021-07-27 19:04:59","Logan Blvd & Elston Ave","TA1308000031","California Ave & Milwaukee Ave","13084","casual",7.75,18,"mar\.",7
"160",1381138,"5730C8638D54DD95","classic_bike","2021-06-17 17:49:45","2021-06-17 18:06:31","Clark St & Wellington Ave","TA1307000136","Lake Shore Dr & North Blvd","LF-005","member",16.7666666666667,17,"jeu\.",6
"161",3527565,"FA0597B8799D1D34","classic_bike","2021-09-07 07:19:31","2021-09-07 07:25:27","Damen Ave & Thomas St (Augusta Blvd)","TA1307000070","Damen Ave & Grand Ave","TA1308000006","casual",5.93333333333333,7,"mar\.",9
"162",2313764,"B02F61F48AAB7183","classic_bike","2021-08-07 10:12:15","2021-08-07 10:41:52","Ashland Ave & Division St","13061","Clark St & Newport St","632","casual",29.6166666666667,10,"sam\.",8
"163",331341,"0AE67D7BAB339874","classic_bike","2021-04-09 16:43:55","2021-04-09 17:35:56","Clark St & Drummond Pl","TA1307000142","Wentworth Ave & Cermak Rd","13075","member",52.0166666666667,16,"ven\.",4
"164",2368668,"EB70C4CF26F010D2","classic_bike","2021-08-04 20:45:38","2021-08-04 21:00:39","Clark St & Wrightwood Ave","TA1305000014","Clark St & Newport St","632","casual",15.0166666666667,20,"mer\.",8
"165",3374244,"7B3819F9C8FF5C19","classic_bike","2021-09-21 09:14:54","2021-09-21 09:30:47","Desplaines St & Jackson Blvd","15539","Wood St & Taylor St (Temp)","13285","casual",15.8833333333333,9,"mar\.",9
"166",4099138,"E1404B9CA52B1CE4","classic_bike","2021-11-10 16:07:00","2021-11-10 16:25:31","Burnham Harbor","15545","DuSable Lake Shore Dr & Ohio St","TA1306000029","member",18.5166666666667,16,"mer\.",11
"167",1120358,"0C20D13CE7E856EB","classic_bike","2021-06-30 14:40:35","2021-06-30 14:47:21","Wells St & Huron St","TA1306000012","Clark St & Schiller St","TA1309000024","member",6.76666666666667,14,"mer\.",6
"168",3764696,"C7C6095520951F15","classic_bike","2021-10-04 11:57:23","2021-10-04 12:01:09","California Ave & Milwaukee Ave","13084","Kedzie Ave & Palmer Ct","13292","member",3.76666666666667,11,"lun\.",10
"169",1491059,"420D0FC1223EF36D","classic_bike","2021-06-14 23:03:09","2021-06-14 23:19:31","Streeter Dr & Grand Ave","13022","Orleans St & Chestnut St (NEXT Apts)","620","casual",16.3666666666667,23,"lun\.",6
"170",1038979,"5149378EC15F18ED","classic_bike","2021-06-27 20:52:15","2021-06-27 20:58:18","State St & 33rd St","13216","Indiana Ave & 31st St","TA1308000036","member",6.05,20,"dim\.",6
"171",4312411,"D5CD43E2D3D8A193","electric_bike","2021-12-08 19:24:16","2021-12-08 19:30:29","Winthrop Ave & Lawrence Ave","TA1308000021","Sheridan Rd & Irving Park Rd","13063","member",6.21666666666667,19,"mer\.",12
"172",3368249,"BD2E23580172FFB0","electric_bike","2021-09-15 22:27:56","2021-09-15 22:36:26","Aberdeen St & Monroe St","13156","State St & Kinzie St","13050","member",8.5,22,"mer\.",9
"173",2337972,"927CED12EE17D491","classic_bike","2021-08-10 22:00:05","2021-08-10 22:06:34","Franklin St & Jackson Blvd","TA1305000025","Clark St & Lake St","KA1503000012","member",6.48333333333333,22,"mar\.",8
"174",3726816,"388CC2500EA9CF21","electric_bike","2021-10-10 22:36:08","2021-10-10 22:42:03","Meade Ave & Addison St","324","Meade Ave & Diversey Ave","353","member",5.91666666666667,22,"dim\.",10
"175",1778945,"725FE671CE61EDF3","classic_bike","2021-07-17 14:41:55","2021-07-17 14:46:03","Broadway & Wilson - Truman College Vaccination Site","13074","Sheridan Rd & Montrose Ave","TA1307000107","member",4.13333333333333,14,"sam\.",7
"176",4352245,"61EC664459D27959","classic_bike","2021-12-09 17:28:22","2021-12-09 17:44:15","Clinton St & Madison St","TA1305000032","Ashland Ave & Blackhawk St","13224","member",15.8833333333333,17,"jeu\.",12
"177",4184906,"49D117FF9E7767EE","electric_bike","2021-11-15 15:40:12","2021-11-15 15:59:55","St. Clair St & Erie St","13016","Greenview Ave & Diversey Pkwy","13294","member",19.7166666666667,15,"lun\.",11
"178",1748103,"0A58AA624D450E68","classic_bike","2021-07-24 11:37:32","2021-07-24 13:26:04","Malcolm X College Vaccination Site","631","Malcolm X College Vaccination Site","631","casual",108.533333333333,11,"sam\.",7
"179",1678077,"2E17290FEFD33D07","classic_bike","2021-07-12 22:18:23","2021-07-12 22:27:51","Lakefront Trail & Wilson Ave","639","Broadway & Sheridan Rd","13323","casual",9.46666666666667,22,"lun\.",7
"180",2439769,"E200294211508D24","classic_bike","2021-08-21 01:13:29","2021-08-21 01:53:24","LaSalle St & Illinois St","13430","Wabash Ave & Roosevelt Rd","TA1305000002","casual",39.9166666666667,1,"sam\.",8
"181",1018026,"554F08100F09A381","classic_bike","2021-05-21 22:36:42","2021-05-21 23:04:07","Clark St & Leland Ave","TA1309000014","Clark St & Leland Ave","TA1309000014","casual",27.4166666666667,22,"ven\.",5
"182",688815,"139E0DADCA28AA21","docked_bike","2021-05-02 17:53:30","2021-05-02 18:29:53","State St & 35th St","TA1307000129","State St & 35th St","TA1307000129","casual",36.3833333333333,17,"dim\.",5
"183",3689237,"BC0EF4CCA8FA00DE","electric_bike","2021-10-23 16:38:09","2021-10-23 17:11:46","Damen Ave & Foster Ave","KA1504000149","Western Ave & Fillmore St","644","member",33.6166666666667,16,"sam\.",10
"184",3395765,"067C6DAB3A524DE9","classic_bike","2021-09-26 08:59:26","2021-09-26 10:29:45","Wabash Ave & Grand Ave","TA1307000117","Wabash Ave & Grand Ave","TA1307000117","casual",90.3166666666667,8,"dim\.",9
"185",10872,"1C12646E4CB6892A","classic_bike","2021-01-04 18:12:08","2021-01-04 18:36:43","State St & Kinzie St","13050","Burnham Harbor","15545","member",24.5833333333333,18,"lun\.",1
"186",2812783,"B9B7C9F866D92684","classic_bike","2021-08-12 12:21:10","2021-08-12 12:56:35","Michigan Ave & Oak St","13042","Lakefront Trail & Wilson Ave","639","casual",35.4166666666667,12,"jeu\.",8
"187",2225487,"A91C7B425DD572DF","classic_bike","2021-07-14 21:12:11","2021-07-14 21:19:09","Larrabee St & Menomonee St","TA1306000007","Lake Shore Dr & North Blvd","LF-005","casual",6.96666666666667,21,"mer\.",7
"188",2975568,"4D9C0B10009082B5","classic_bike","2021-09-17 14:05:31","2021-09-17 14:10:58","Clinton St & Lake St","13021","Franklin St & Monroe St","TA1309000007","member",5.45,14,"ven\.",9
"189",1846021,"DCA11F99F39A91CB","classic_bike","2021-07-22 19:58:00","2021-07-22 20:13:21","Damen Ave & Grand Ave","TA1308000006","Green St & Randolph St","13053","casual",15.35,19,"jeu\.",7
"190",128679,"F029B58DA90FBEA5","classic_bike","2021-03-25 12:09:13","2021-03-25 12:27:51","Clark St & Montrose Ave","KA1503000022","Christiana Ave & Lawrence Ave","15615","casual",18.6333333333333,12,"jeu\.",3
"191",362881,"B6E5CED284C9FBFA","classic_bike","2021-04-09 15:49:32","2021-04-09 15:57:26","Cherry Ave & Blackhawk St","18069","Eckhart Park","13289","member",7.9,15,"ven\.",4
"192",2494828,"414BD5614591042F","classic_bike","2021-08-02 05:59:27","2021-08-02 06:15:20","Field Blvd & South Water St","15534","Ada St & Washington Blvd","13353","member",15.8833333333333,5,"lun\.",8
"193",248508,"AF128F0201BE6722","electric_bike","2021-03-07 17:34:50","2021-03-07 17:57:41","Wells St & Hubbard St","TA1307000151","California Ave & Francis Pl (Temp)","13259","member",22.85,17,"dim\.",3
"194",1781446,"683C2475E42D7BF4","classic_bike","2021-07-31 21:27:51","2021-07-31 21:32:44","Halsted St & Wrightwood Ave","TA1309000061","Sheffield Ave & Wellington Ave","TA1307000052","casual",4.88333333333333,21,"sam\.",7
"195",3483941,"EDC7D92760A2BD22","classic_bike","2021-09-10 07:34:55","2021-09-10 07:42:24","Loomis St & Archer Ave","KA1503000040","May St & Cullerton St","13331","member",7.48333333333333,7,"ven\.",9
"196",4396849,"F67BAEA7D5838650","classic_bike","2021-12-01 17:55:48","2021-12-01 18:27:55","State St & Harrison St","SL-007","State St & Harrison St","SL-007","member",32.1166666666667,17,"mer\.",12
"197",4091058,"E49E844A849D5FEB","electric_bike","2021-11-15 08:24:54","2021-11-15 08:30:56","Peoria St & Jackson Blvd","13158","Clark St & Ida B Wells Dr","TA1305000009","member",6.03333333333333,8,"lun\.",11
"198",22152,"D0CC864209E419EB","classic_bike","2021-01-05 18:57:01","2021-01-05 19:07:52","Milwaukee Ave & Grand Ave","13033","Ashland Ave & Division St","13061","member",10.85,18,"mar\.",1
"199",2716259,"199E9BDF1FA0E285","classic_bike","2021-08-23 12:02:13","2021-08-23 12:07:27","Clark St & Lincoln Ave","13179","Larrabee St & Webster Ave","13193","member",5.23333333333333,12,"lun\.",8
"200",1800924,"E2770131DDB1C666","docked_bike","2021-07-30 20:07:17","2021-07-30 20:25:07","Michigan Ave & 8th St","623","McCormick Place","TA1305000004","casual",17.8333333333333,20,"ven\.",7
"201",2808447,"44CB068DC76F03D4","classic_bike","2021-08-15 14:40:49","2021-08-15 15:34:01","Streeter Dr & Grand Ave","13022","Green St & Madison St","TA1307000120","casual",53.2,14,"dim\.",8
"202",3462330,"A9ABBBE1DEC1CA69","classic_bike","2021-09-24 14:04:09","2021-09-24 14:19:41","Wells St & Elm St","KA1504000135","Wells St & Evergreen Ave","TA1308000049","casual",15.5333333333333,14,"ven\.",9
"203",1689219,"0C2187DB8DF54E9F","classic_bike","2021-07-24 10:33:20","2021-07-24 11:05:24","Clark St & Newport St","632","Montrose Harbor","TA1308000012","casual",32.0666666666667,10,"sam\.",7
"204",1348464,"B9BD9F74399B4002","classic_bike","2021-06-10 21:27:13","2021-06-10 21:52:00","Rush St & Cedar St","KA1504000133","Columbus Dr & Randolph St","13263","casual",24.7833333333333,21,"jeu\.",6
"205",3753647,"DE5773ACE3FA474A","classic_bike","2021-10-06 12:02:25","2021-10-06 12:20:44","Michigan Ave & Washington St","13001","Aberdeen St & Randolph St","18062","member",18.3166666666667,12,"mer\.",10
"206",3844169,"0E29474E4CC23256","electric_bike","2021-10-10 13:27:03","2021-10-10 13:36:02","DuSable Lake Shore Dr & North Blvd","LF-005","DuSable Lake Shore Dr & Ohio St","TA1306000029","member",8.98333333333333,13,"dim\.",10
"207",2547143,"E304CBAC3511AA1E","classic_bike","2021-08-02 16:46:38","2021-08-02 17:04:47","Lincoln Park Conservatory","LP-","Clark St & Elm St","TA1307000039","casual",18.15,16,"lun\.",8
"208",2814135,"70399FB4FA25A577","classic_bike","2021-08-02 20:48:43","2021-08-02 21:01:55","Indiana Ave & Roosevelt Rd","SL-005","State St & Van Buren St","TA1305000035","casual",13.2,20,"lun\.",8
"209",2153545,"269194375F6C59C5","classic_bike","2021-07-07 18:53:19","2021-07-07 19:00:20","Clark St & Drummond Pl","TA1307000142","Larrabee St & Webster Ave","13193","member",7.01666666666667,18,"mer\.",7
"210",2404422,"0A78F7F19ACE2E0F","classic_bike","2021-08-17 20:33:56","2021-08-17 20:56:00","Halsted St & Clybourn Ave","331","Morgan Ave & 14th Pl","TA1306000002","casual",22.0666666666667,20,"mar\.",8
"211",3350253,"8BE4BEA3C9116AED","classic_bike","2021-09-06 12:51:33","2021-09-06 13:04:21","LaSalle St & Illinois St","13430","DuSable Lake Shore Dr & North Blvd","LF-005","casual",12.8,12,"lun\.",9
"212",1273760,"8277884F2F919373","classic_bike","2021-06-19 14:40:02","2021-06-19 15:05:17","Indiana Ave & Roosevelt Rd","SL-005","Fairbanks Ct & Grand Ave","TA1305000003","casual",25.25,14,"sam\.",6
"213",2155615,"BA2DE949846EB982","classic_bike","2021-07-12 07:07:58","2021-07-12 07:15:46","Wells St & Elm St","KA1504000135","Franklin St & Illinois St","RN-","casual",7.8,7,"lun\.",7
"214",3428004,"FB8524F1198AE8DF","classic_bike","2021-09-12 14:24:31","2021-09-12 14:29:24","Franklin St & Chicago Ave","13017","LaSalle St & Illinois St","13430","member",4.88333333333333,14,"dim\.",9
"215",3381388,"6EAE81EDDEBF6655","electric_bike","2021-09-27 14:23:51","2021-09-27 14:36:36","Western Ave & Lunt Ave","RP-005","Chicago Ave & Washington St","E002","casual",12.75,14,"lun\.",9
"216",2871967,"35373838C44F0B2D","classic_bike","2021-08-29 13:26:57","2021-08-29 13:57:26","Damen Ave & Pierce Ave","TA1305000041","DuSable Lake Shore Dr & North Blvd","LF-005","member",30.4833333333333,13,"dim\.",8
"217",629632,"1735B49947578CFF","classic_bike","2021-05-22 18:22:15","2021-05-22 18:39:21","Theater on the Lake","TA1308000001","Racine Ave & Wrightwood Ave","TA1309000059","member",17.1,18,"sam\.",5
"218",3751811,"83CAB843D16A1B22","classic_bike","2021-10-23 13:52:54","2021-10-23 13:57:46","Ogden Ave & Chicago Ave","TA1305000020","Ashland Ave & Chicago Ave","13247","casual",4.86666666666667,13,"sam\.",10
"219",1031484,"9056DFF129D502FD","docked_bike","2021-06-23 12:54:22","2021-06-23 13:19:01","Michigan Ave & 18th St","13150","Shedd Aquarium","15544","casual",24.65,12,"mer\.",6
"220",1706948,"5C88799015B8B778","classic_bike","2021-07-29 10:35:34","2021-07-29 10:38:58","Blue Island Ave & 18th St","13135","May St & Cullerton St","13331","member",3.4,10,"jeu\.",7
"221",731201,"35B7A8114C1BEDBA","classic_bike","2021-05-05 17:42:46","2021-05-05 18:05:20","Lake Shore Dr & Ohio St","TA1306000029","Wilton Ave & Diversey Pkwy","TA1306000014","casual",22.5666666666667,17,"mer\.",5
"222",2249727,"D08AADCE5692FFD1","electric_bike","2021-07-13 20:40:12","2021-07-13 20:44:23","Sheridan Rd & Noyes St (NU)","604","Chicago Ave & Sheridan Rd","E008","member",4.18333333333333,20,"mar\.",7
"223",3660736,"48843A91A38A0A96","classic_bike","2021-10-12 17:55:19","2021-10-12 18:00:46","State St & 35th St","TA1307000129","Indiana Ave & 31st St","TA1308000036","casual",5.45,17,"mar\.",10
"224",3524225,"2DF8A4FDAAF81334","classic_bike","2021-09-25 22:43:02","2021-09-25 23:25:05","Buckingham Fountain","15541","State St & Harrison St","SL-007","casual",42.05,22,"sam\.",9
"225",1066758,"0EF94A10A2F00032","classic_bike","2021-06-29 17:27:44","2021-06-29 17:38:37","Wilton Ave & Belmont Ave","TA1307000134","Leavitt St & Belmont Ave","KA17018068","casual",10.8833333333333,17,"mar\.",6
"226",826315,"475EC65B299E4E6C","classic_bike","2021-05-13 22:46:46","2021-05-13 22:48:51","Broadway & Berwyn Ave","13109","Broadway & Argyle St","13108","casual",2.08333333333333,22,"jeu\.",5
"227",4388787,"DC9D635A1E885354","electric_bike","2021-12-22 16:51:53","2021-12-22 16:54:50","Orleans St & Hubbard St","636","Clinton St & Lake St","13021","member",2.95,16,"mer\.",12
"228",3850654,"CD1A05EBFE769D0C","classic_bike","2021-10-16 18:24:50","2021-10-16 18:42:09","Leavitt St & Addison St","KA1504000143","Wilton Ave & Diversey Pkwy","TA1306000014","casual",17.3166666666667,18,"sam\.",10
"229",415343,"1CAED0AD1A65405F","classic_bike","2021-04-04 16:51:57","2021-04-04 17:23:32","Sheffield Ave & Wellington Ave","TA1307000052","Desplaines St & Randolph St","15535","casual",31.5833333333333,16,"dim\.",4
"230",498449,"BAAFDC2C4A414413","classic_bike","2021-04-20 19:38:24","2021-04-20 19:42:04","Racine Ave & Belmont Ave","TA1308000019","Southport Ave & Roscoe St","13071","member",3.66666666666667,19,"mar\.",4
"231",450498,"E6D6E2E60E3A8EBF","classic_bike","2021-04-18 16:50:05","2021-04-18 17:18:58","Cityfront Plaza Dr & Pioneer Ct","13427","St. Clair St & Erie St","13016","casual",28.8833333333333,16,"dim\.",4
"232",560112,"FF88F1ADDF93EBB6","electric_bike","2021-04-25 13:27:02","2021-04-25 13:48:13","Lake Shore Dr & North Blvd","LF-005","Damen Ave & Pierce Ave","TA1305000041","casual",21.1833333333333,13,"dim\.",4
"233",1520455,"E69BECC85A4541A2","classic_bike","2021-06-06 15:23:08","2021-06-06 15:29:24","Clark St & Elm St","TA1307000039","Michigan Ave & Pearson St","13034","member",6.26666666666667,15,"dim\.",6
"234",2326884,"6B84F6C93142C00B","classic_bike","2021-08-26 00:21:04","2021-08-26 00:49:18","Dearborn St & Erie St","13045","Racine Ave & Fullerton Ave","TA1306000026","member",28.2333333333333,0,"jeu\.",8
"235",1977110,"04C80451F2F04EB7","classic_bike","2021-07-23 11:56:44","2021-07-23 12:23:47","Michigan Ave & Oak St","13042","Rush St & Superior St","15530","casual",27.05,11,"ven\.",7
"236",375707,"4D52929C5E2D0854","classic_bike","2021-04-09 17:58:07","2021-04-09 18:15:01","Franklin St & Monroe St","TA1309000007","Wells St & 19th St","SL-006","member",16.9,17,"ven\.",4
"237",3708537,"3A0901FCD0C481B0","classic_bike","2021-10-14 17:35:14","2021-10-14 17:50:56","Loomis St & Lexington St","13332","Halsted St & Polk St","TA1307000121","member",15.7,17,"jeu\.",10
"238",2273150,"9BE5C598536FF1E7","classic_bike","2021-07-04 15:27:30","2021-07-04 15:57:21","Morgan St & Lake St","TA1306000015","Streeter Dr & Grand Ave","13022","casual",29.85,15,"dim\.",7
"239",653915,"9FE6332DA1995E29","electric_bike","2021-05-14 18:22:08","2021-05-14 18:29:05","Halsted St & Roscoe St","TA1309000025","Lincoln Ave & Fullerton Ave","TA1309000058","member",6.95,18,"ven\.",5
"240",3984034,"3BF66CA241111E49","classic_bike","2021-10-03 20:53:47","2021-10-03 21:00:33","Larrabee St & Webster Ave","13193","Larrabee St & Armitage Ave","TA1309000006","casual",6.76666666666667,20,"dim\.",10
"241",3755684,"AFBAC7A00BB61FDA","classic_bike","2021-10-03 16:26:06","2021-10-03 16:38:24","Larrabee St & Division St","KA1504000079","Ashland Ave & Blackhawk St","13224","casual",12.3,16,"dim\.",10
"242",1898269,"36A0089E3784FC4C","docked_bike","2021-07-09 14:10:33","2021-07-09 14:30:01","Millennium Park","13008","Wabash Ave & Grand Ave","TA1307000117","casual",19.4666666666667,14,"ven\.",7
"243",4145984,"14967C5A896B89A3","electric_bike","2021-11-20 02:14:46","2021-11-20 02:18:20","Sheffield Ave & Waveland Ave","TA1307000126","Halsted St & Roscoe St","TA1309000025","member",3.56666666666667,2,"sam\.",11
"244",415451,"8F51C70B467AB956","classic_bike","2021-04-24 22:48:44","2021-04-24 22:54:37","Sedgwick St & Schiller St","TA1307000143","Clark St & Armitage Ave","13146","member",5.88333333333333,22,"sam\.",4
"245",3807377,"BD86FEA27B18FAC8","classic_bike","2021-10-17 10:12:52","2021-10-17 10:19:43","Halsted St & Wrightwood Ave","TA1309000061","Wilton Ave & Belmont Ave","TA1307000134","member",6.85,10,"dim\.",10
"246",3011938,"8FBC8CFF804973C0","classic_bike","2021-09-11 22:22:22","2021-09-11 22:36:04","Broadway & Waveland Ave","13325","Halsted St & Dickens Ave","13192","member",13.7,22,"sam\.",9
"247",1218140,"E36BBBDA5188CBF1","classic_bike","2021-06-17 09:07:56","2021-06-17 09:16:49","Larrabee St & Kingsbury St","TA1306000009","Franklin St & Monroe St","TA1309000007","member",8.88333333333333,9,"jeu\.",6
"248",2835378,"C4D1D793F34CCACC","classic_bike","2021-08-10 06:51:46","2021-08-10 07:03:01","Damen Ave & Leland Ave","TA1307000158","Clark St & Grace St","TA1307000127","member",11.25,6,"mar\.",8
"249",2291389,"BB7B383E66650008","classic_bike","2021-07-10 12:09:15","2021-07-10 12:52:20","Kingsbury St & Kinzie St","KA1503000043","Millennium Park","13008","casual",43.0833333333333,12,"sam\.",7
"250",2024763,"BF302A2934CCF6FD","classic_bike","2021-07-15 17:19:27","2021-07-15 17:31:16","Kingsbury St & Kinzie St","KA1503000043","Larrabee St & North Ave","TA1306000008","member",11.8166666666667,17,"jeu\.",7
"251",3247177,"32FD0D21C3F34F17","electric_bike","2021-09-26 11:02:07","2021-09-26 11:22:02","Theater on the Lake","TA1308000001","Marine Dr & Ainslie St","KA1504000171","member",19.9166666666667,11,"dim\.",9
"252",3512732,"34BD3EC0256305CB","classic_bike","2021-09-18 01:04:35","2021-09-18 01:40:35","Racine Ave & Randolph St","13155","Fairbanks Ct & Grand Ave","TA1305000003","casual",36,1,"sam\.",9
"253",1282932,"FF7CB22C9164E750","electric_bike","2021-06-07 15:56:39","2021-06-07 16:36:36","Central Park Ave & North Ave","15652","Kedzie Ave & Lake St","KA1504000106","casual",39.95,15,"lun\.",6
"254",2960076,"680FFCF5AE124929","electric_bike","2021-08-17 16:07:56","2021-08-17 16:21:04","Michigan Ave & Oak St","13042","Indiana Ave & Roosevelt Rd","SL-005","member",13.1333333333333,16,"mar\.",8
"255",3817290,"300D56181F7FE4EC","classic_bike","2021-10-14 17:27:12","2021-10-14 17:37:53","Elston Ave & Wabansia Ave","TA1309000032","Sheffield Ave & Willow St","TA1306000032","member",10.6833333333333,17,"jeu\.",10
"256",1513009,"A26D178949E406D4","classic_bike","2021-06-09 15:41:42","2021-06-09 17:23:16","Paulina St & 18th St","TA1307000159","Paulina St & 18th St","TA1307000159","casual",101.566666666667,15,"mer\.",6
"257",1064867,"0482FFD66FF5E6DE","electric_bike","2021-06-15 16:36:37","2021-06-15 16:45:20","California Ave & Cortez St","17660","Ashland Ave & Division St","13061","casual",8.71666666666667,16,"mar\.",6
"258",1505552,"6C573AE71E6041C9","classic_bike","2021-06-04 13:28:02","2021-06-04 13:37:10","900 W Harrison St","13028","Green St & Madison St","TA1307000120","casual",9.13333333333333,13,"ven\.",6
"259",2571964,"2944690D800AE233","docked_bike","2021-08-02 17:05:17","2021-08-02 17:20:56","Michigan Ave & 18th St","13150","Canal St & Monroe St","13056","casual",15.65,17,"lun\.",8
"260",90594,"278EEB1240FD4E82","docked_bike","2021-03-08 16:57:36","2021-03-08 18:51:20","Streeter Dr & Grand Ave","13022","State St & Kinzie St","13050","casual",113.733333333333,16,"lun\.",3
"261",2303096,"EF44D446D0CBD7EB","electric_bike","2021-07-22 13:54:28","2021-07-22 13:58:52","Sangamon St & Washington Blvd","13409","Aberdeen St & Jackson Blvd","13157","member",4.4,13,"jeu\.",7
"262",1844620,"AA7AEF610A160692","docked_bike","2021-07-17 13:12:53","2021-07-17 13:39:14","Green St & Randolph St","13053","Dearborn St & Adams St","TA1305000005","casual",26.35,13,"sam\.",7
"263",3886696,"EE97A10804EC0DE5","classic_bike","2021-10-09 14:31:07","2021-10-09 14:36:01","Larrabee St & Kingsbury St","TA1306000009","Ogden Ave & Chicago Ave","TA1305000020","member",4.9,14,"sam\.",10
"264",4388896,"7376CFC0ACFB67C3","classic_bike","2021-12-03 19:21:59","2021-12-03 19:28:58","LaSalle St & Washington St","13006","Clinton St & Lake St","13021","member",6.98333333333333,19,"ven\.",12
"265",2318095,"EF9111A39760FFCB","classic_bike","2021-08-31 16:10:01","2021-08-31 16:19:54","Sheffield Ave & Wellington Ave","TA1307000052","Pine Grove Ave & Irving Park Rd","TA1308000022","casual",9.88333333333333,16,"mar\.",8
"266",1289429,"A17F8C6DB9ED5CE1","classic_bike","2021-06-22 22:08:56","2021-06-22 22:17:00","Sheffield Ave & Fullerton Ave","TA1306000016","Winchester Ave & Elston Ave","KA1504000140","casual",8.06666666666667,22,"mar\.",6
"267",1209230,"550C92BE485D52CD","docked_bike","2021-06-28 15:28:00","2021-06-28 15:50:13","Mies van der Rohe Way & Chestnut St","15529","Southport Ave & Clybourn Ave","TA1309000030","casual",22.2166666666667,15,"lun\.",6
"268",2897368,"192191A2663F0535","classic_bike","2021-08-09 19:43:28","2021-08-09 19:55:02","Lincoln Ave & Fullerton Ave","TA1309000058","Broadway & Cornelia Ave","13278","member",11.5666666666667,19,"lun\.",8
"269",3444249,"B7F0B6AF61EE5668","classic_bike","2021-09-14 10:29:04","2021-09-14 10:32:23","Cityfront Plaza Dr & Pioneer Ct","13427","Wabash Ave & Wacker Pl","TA1307000131","member",3.31666666666667,10,"mar\.",9
"270",2929583,"05DA5829DD6B60F9","classic_bike","2021-08-17 17:04:08","2021-08-17 17:16:27","Dearborn St & Adams St","TA1305000005","LaSalle Dr & Huron St","KP1705001026","casual",12.3166666666667,17,"mar\.",8
"271",2866977,"14D81ECCCB69FF82","classic_bike","2021-08-08 16:44:39","2021-08-08 16:48:15","Woodlawn Ave & Lake Park Ave","KA1503000065","Lake Park Ave & 47th St","TA1308000035","member",3.6,16,"dim\.",8
"272",255486,"33BE65B5FCA4028D","classic_bike","2021-03-22 16:17:35","2021-03-22 16:20:40","Green St & Madison St","TA1307000120","Morgan St & Lake St","TA1306000015","member",3.08333333333333,16,"lun\.",3
"273",262959,"D8C40737591FC2E8","electric_bike","2021-03-21 19:27:25","2021-03-21 19:55:14","Lakefront Trail & Wilson Ave","639","Stockton Dr & Wrightwood Ave","13276","member",27.8166666666667,19,"dim\.",3
"274",2045772,"802A87394B4F82A9","classic_bike","2021-07-20 13:56:50","2021-07-20 14:10:56","Montrose Harbor","TA1308000012","Lakefront Trail & Bryn Mawr Ave","KA1504000152","casual",14.1,13,"mar\.",7
"275",2446164,"A12716211F801922","classic_bike","2021-08-21 15:46:23","2021-08-21 16:32:10","Sedgwick St & North Ave","TA1307000038","Damen Ave & Division St","13136","casual",45.7833333333333,15,"sam\.",8
"276",3217033,"17F89D46B8374BAE","electric_bike","2021-09-19 06:45:17","2021-09-19 07:32:19","Blackstone Ave & Hyde Park Blvd","13398","Streeter Dr & Grand Ave","13022","casual",47.0333333333333,6,"dim\.",9
"277",2684077,"50CA9A5F206F2923","classic_bike","2021-08-17 20:59:18","2021-08-17 21:09:34","Wells St & Concord Ln","TA1308000050","Dearborn Pkwy & Delaware Pl","TA1307000128","member",10.2666666666667,20,"mar\.",8
"278",1097983,"94459FECF432AF1C","classic_bike","2021-06-15 22:17:37","2021-06-15 22:34:57","Clark St & Montrose Ave","KA1503000022","Halsted St & Roscoe St","TA1309000025","casual",17.3333333333333,22,"mar\.",6
"279",745891,"4F156F33059815F2","classic_bike","2021-05-02 10:00:18","2021-05-02 10:10:48","Clark St & Elm St","TA1307000039","Daley Center Plaza","TA1306000010","member",10.5,10,"dim\.",5
"280",2767988,"4678A52103A4B71C","classic_bike","2021-08-20 12:22:38","2021-08-20 12:57:09","Theater on the Lake","TA1308000001","Rush St & Cedar St","KA1504000133","casual",34.5166666666667,12,"ven\.",8
"281",2070145,"45B9DD56DC129D23","classic_bike","2021-07-23 19:54:46","2021-07-23 20:12:24","Streeter Dr & Grand Ave","13022","Theater on the Lake","TA1308000001","casual",17.6333333333333,19,"ven\.",7
"282",1609659,"3BA50902BCDAF1EE","electric_bike","2021-06-12 21:54:56","2021-06-12 22:41:25","Wells St & Concord Ln","TA1308000050","Damen Ave & Pierce Ave","TA1305000041","casual",46.4833333333333,21,"sam\.",6
"283",1908526,"0C67D7C9CDC0A030","electric_bike","2021-07-30 14:06:31","2021-07-30 14:31:47","Desplaines St & Kinzie St","TA1306000003","Richmond St & Diversey Ave","15645","casual",25.2666666666667,14,"ven\.",7
"284",2686549,"7EEEDBFACA9D31C1","classic_bike","2021-08-27 18:22:47","2021-08-27 18:29:25","Larrabee St & North Ave","TA1306000008","Sedgwick St & North Ave","TA1307000038","casual",6.63333333333333,18,"ven\.",8
"285",937806,"A45DC8FB97BC2146","classic_bike","2021-05-26 17:52:26","2021-05-26 18:39:12","Lake Shore Dr & Diversey Pkwy","TA1309000039","Lake Shore Dr & Diversey Pkwy","TA1309000039","casual",46.7666666666667,17,"mer\.",5
"286",1599213,"2E98418E2EC4A8F4","classic_bike","2021-06-22 16:18:09","2021-06-22 16:29:24","Canal St & Monroe St","13056","Wabash Ave & Roosevelt Rd","TA1305000002","member",11.25,16,"mar\.",6
"287",2830757,"B8B83C52798C46C1","classic_bike","2021-08-19 08:41:24","2021-08-19 08:54:44","Clinton St & Madison St","TA1305000032","State St & Pearson St","TA1307000061","member",13.3333333333333,8,"jeu\.",8
"288",1905850,"80F65FEE5D61AD3A","classic_bike","2021-07-24 08:24:25","2021-07-24 08:36:03","Dearborn St & Van Buren St","624","Indiana Ave & Roosevelt Rd","SL-005","casual",11.6333333333333,8,"sam\.",7
"289",1766782,"ADDD69D19332274C","classic_bike","2021-07-02 18:24:33","2021-07-02 18:30:27","Cornell Ave & Hyde Park Blvd","KA1503000007","Kimbark Ave & 53rd St","TA1309000037","casual",5.9,18,"ven\.",7
"290",3840504,"904457A8C1E7AAA1","electric_bike","2021-10-09 10:09:51","2021-10-09 10:37:26","McCormick Place","TA1305000004","DuSable Lake Shore Dr & Ohio St","TA1306000029","casual",27.5833333333333,10,"sam\.",10
"291",2391990,"3250860F3874FB6F","electric_bike","2021-08-10 16:26:33","2021-08-10 16:46:53","Ashland Ave & Division St","13061","DuSable Lake Shore Dr & Belmont Ave","TA1309000049","member",20.3333333333333,16,"mar\.",8
"292",3236267,"63951B93C9843CC9","classic_bike","2021-09-11 11:51:10","2021-09-11 12:18:30","Greenview Ave & Diversey Pkwy","13294","Clark St & Wellington Ave","TA1307000136","member",27.3333333333333,11,"sam\.",9
"293",1843559,"B0A00F454F78BAE9","classic_bike","2021-07-25 14:55:40","2021-07-25 14:59:14","Halsted St & Roscoe St","TA1309000025","Broadway & Sheridan Rd","13323","casual",3.56666666666667,14,"dim\.",7
"294",2112875,"A0204A8BAB32AAC5","electric_bike","2021-07-12 17:38:27","2021-07-12 17:46:28","Rush St & Superior St","15530","Dearborn St & Monroe St","TA1305000006","casual",8.01666666666667,17,"lun\.",7
"295",4387950,"E94F722722EA2300","classic_bike","2021-12-08 18:27:51","2021-12-08 18:33:31","University Ave & 57th St","KA1503000071","Kimbark Ave & 53rd St","TA1309000037","member",5.66666666666667,18,"mer\.",12
"296",2129268,"09408EB053C34C8A","docked_bike","2021-07-30 20:55:32","2021-07-30 21:30:52","Michigan Ave & Pearson St","13034","Michigan Ave & Oak St","13042","casual",35.3333333333333,20,"ven\.",7
"297",1528025,"9E1CDA8F42A06E6C","classic_bike","2021-06-21 16:56:04","2021-06-21 17:02:08","Clark St & Wrightwood Ave","TA1305000014","Clark St & Wellington Ave","TA1307000136","member",6.06666666666667,16,"lun\.",6
"298",2860991,"656788C8E7725C49","classic_bike","2021-08-21 17:52:27","2021-08-21 18:09:00","Damen Ave & Pierce Ave","TA1305000041","Franklin St & Chicago Ave","13017","member",16.55,17,"sam\.",8
"299",1258397,"0C4339E4E09E2DB0","classic_bike","2021-06-18 09:35:52","2021-06-18 09:43:24","Lincoln Ave & Roscoe St","TA1307000138","Ravenswood Ave & Irving Park Rd","TA1307000149","member",7.53333333333333,9,"ven\.",6
"300",3893007,"AF101353B040F37E","classic_bike","2021-10-01 17:50:29","2021-10-01 18:24:08","Theater on the Lake","TA1308000001","Lakefront Trail & Bryn Mawr Ave","KA1504000152","member",33.65,17,"ven\.",10
"301",2238037,"C47DC49F80686A3A","docked_bike","2021-07-15 15:43:45","2021-07-15 16:05:08","Columbus Dr & Randolph St","13263","Desplaines St & Randolph St","15535","casual",21.3833333333333,15,"jeu\.",7
"302",4106350,"C6ABC62391631025","classic_bike","2021-11-29 08:07:29","2021-11-29 08:22:12","Damen Ave & Thomas St (Augusta Blvd)","TA1307000070","Desplaines St & Kinzie St","TA1306000003","casual",14.7166666666667,8,"lun\.",11
"303",786481,"9AF24DAC8DCBD866","classic_bike","2021-05-23 17:04:00","2021-05-23 17:06:45","Broadway & Thorndale Ave","15575","Broadway & Granville Ave","15571","member",2.75,17,"dim\.",5
"304",3621535,"AEC913B040FF9F67","classic_bike","2021-10-06 09:59:35","2021-10-06 10:05:30","State St & Pearson St","TA1307000061","State St & Randolph St","TA1305000029","member",5.91666666666667,9,"mer\.",10
"305",734007,"201FE3B388C4EF22","classic_bike","2021-05-20 15:46:03","2021-05-20 16:20:30","Broadway & Granville Ave","15571","Lakefront Trail & Bryn Mawr Ave","KA1504000152","casual",34.45,15,"jeu\.",5
"306",1577142,"D3A9CC8489CD17F1","electric_bike","2021-06-19 17:31:33","2021-06-19 17:51:33","Theater on the Lake","TA1308000001","Lake Shore Dr & Ohio St","TA1306000029","casual",20,17,"sam\.",6
"307",3479830,"918C9E4A50041778","classic_bike","2021-09-23 17:16:21","2021-09-23 17:28:50","Franklin St & Chicago Ave","13017","New St & Illinois St","TA1306000013","member",12.4833333333333,17,"jeu\.",9
"308",1444491,"C4CCC3FAED0C11D5","classic_bike","2021-06-21 14:19:05","2021-06-21 14:29:22","Wells St & Elm St","KA1504000135","Ashland Ave & Division St","13061","casual",10.2833333333333,14,"lun\.",6
"309",3515846,"2CDBF4BFC157D4BC","classic_bike","2021-09-29 13:56:47","2021-09-29 14:05:36","Wabash Ave & Grand Ave","TA1307000117","State St & Pearson St","TA1307000061","casual",8.81666666666667,13,"mer\.",9
"310",3064211,"03BC7522DDA46E26","classic_bike","2021-09-24 14:42:53","2021-09-24 14:48:32","Halsted St & Maxwell St","TA1309000001","900 W Harrison St","13028","member",5.65,14,"ven\.",9
"311",1129913,"0B707BFA22D65129","classic_bike","2021-06-18 13:42:02","2021-06-18 13:55:28","Wilton Ave & Belmont Ave","TA1307000134","Clark St & Newport St","632","member",13.4333333333333,13,"ven\.",6
"312",3805534,"6C814684B7D84456","electric_bike","2021-10-12 07:11:36","2021-10-12 07:17:09","Southport Ave & Waveland Ave","13235","Wilton Ave & Belmont Ave","TA1307000134","member",5.55,7,"mar\.",10
"313",4243631,"D545CCE53C8EE934","classic_bike","2021-11-09 15:56:14","2021-11-09 16:20:54","Michigan Ave & Oak St","13042","Broadway & Waveland Ave","13325","casual",24.6666666666667,15,"mar\.",11
"314",1593439,"070235B1184BA54B","classic_bike","2021-06-01 18:28:58","2021-06-01 18:53:57","Michigan Ave & Oak St","13042","Southport Ave & Wellington Ave","TA1307000006","member",24.9833333333333,18,"mar\.",6
"315",4376086,"52808CAFBA8C9BC6","classic_bike","2021-12-23 13:21:01","2021-12-23 13:49:17","DuSable Lake Shore Dr & Monroe St","13300","Shedd Aquarium","15544","casual",28.2666666666667,13,"jeu\.",12
"316",3978567,"5942066CC6D72890","electric_bike","2021-10-15 16:06:24","2021-10-15 16:15:00","Clark St & Winnemac Ave","TA1309000035","Clark St & Grace St","TA1307000127","casual",8.6,16,"ven\.",10
"317",4452635,"F20C346781631E90","classic_bike","2021-12-19 09:07:09","2021-12-19 09:15:15","Wilton Ave & Diversey Pkwy","TA1306000014","Clifton Ave & Armitage Ave","TA1307000163","casual",8.1,9,"dim\.",12
"318",4306398,"53F564F60430A87E","classic_bike","2021-11-07 17:01:54","2021-11-07 17:07:30","Franklin St & Lake St","TA1307000111","Dearborn St & Monroe St","TA1305000006","member",5.6,17,"dim\.",11
"319",784217,"6F4304CB8F35492F","docked_bike","2021-05-12 22:10:30","2021-05-12 22:33:14","Clark St & Lake St","KA1503000012","Wabash Ave & Roosevelt Rd","TA1305000002","casual",22.7333333333333,22,"mer\.",5
"320",3090160,"E5AC9B912DD6CB66","docked_bike","2021-09-20 17:41:52","2021-09-20 18:05:52","Streeter Dr & Grand Ave","13022","Millennium Park","13008","casual",24,17,"lun\.",9
"321",1551151,"48C4A4D011A51BA9","classic_bike","2021-06-07 19:01:55","2021-06-07 19:11:04","Clark St & Drummond Pl","TA1307000142","Wells St & Concord Ln","TA1308000050","member",9.15,19,"lun\.",6
"322",2378340,"9D3A1F0218F19C89","classic_bike","2021-08-22 15:11:38","2021-08-22 15:25:57","Montrose Harbor","TA1308000012","Broadway & Berwyn Ave","13109","casual",14.3166666666667,15,"dim\.",8
"323",1714977,"716440011C34219B","electric_bike","2021-07-11 20:30:49","2021-07-11 20:38:53","Clark St & Berwyn Ave","KA1504000146","Clark St & Columbia Ave","RP-008","member",8.06666666666667,20,"dim\.",7
"324",4046207,"86B0128E35290AC4","electric_bike","2021-10-23 15:32:26","2021-10-23 15:53:28","Clark St & Armitage Ave","13146","Michigan Ave & Oak St","13042","casual",21.0333333333333,15,"sam\.",10
"325",2191766,"4A5F2A8CB67F60D9","classic_bike","2021-07-25 09:55:25","2021-07-25 10:06:35","Wells St & Concord Ln","TA1308000050","Orleans St & Hubbard St","636","member",11.1666666666667,9,"dim\.",7
"326",1310555,"E8652631381838EA","classic_bike","2021-06-21 10:15:26","2021-06-21 10:42:52","Adler Planetarium","13431","Fort Dearborn Dr & 31st St","TA1307000048","casual",27.4333333333333,10,"lun\.",6
"327",2529921,"1B7B8C37A43DB415","classic_bike","2021-08-31 07:44:11","2021-08-31 08:00:20","Eckhart Park","13289","Clark St & Ida B Wells Dr","TA1305000009","member",16.15,7,"mar\.",8
"328",113574,"B85CFC1EF358F19E","classic_bike","2021-03-19 14:40:28","2021-03-19 14:51:22","Elston Ave & Wabansia Ave","TA1309000032","Racine Ave & Fullerton Ave","TA1306000026","member",10.9,14,"ven\.",3
"329",3678047,"C759D92C89FF69F1","classic_bike","2021-10-03 16:47:38","2021-10-03 16:57:40","Halsted St & 21st St","13162","Racine Ave & 15th St","13304","member",10.0333333333333,16,"dim\.",10
"330",141170,"1DE4DBC32C51CC6F","classic_bike","2021-03-20 16:37:36","2021-03-20 17:16:23","Clark St & North Ave","13128","Lake Shore Dr & Monroe St","13300","member",38.7833333333333,16,"sam\.",3
"331",3293495,"B6916BB4B0541C50","electric_bike","2021-09-04 14:30:58","2021-09-04 14:35:20","Noble St & Milwaukee Ave","13290","Milwaukee Ave & Grand Ave","13033","casual",4.36666666666667,14,"sam\.",9
"332",3976473,"A505A5A6845FB4AD","classic_bike","2021-10-06 21:46:17","2021-10-06 21:48:01","Orleans St & Hubbard St","636","Kingsbury St & Kinzie St","KA1503000043","member",1.73333333333333,21,"mer\.",10
"333",2932120,"4CD3AA864CA1E295","classic_bike","2021-08-08 14:12:18","2021-08-08 14:24:46","Franklin St & Lake St","TA1307000111","Ogden Ave & Race Ave","13194","casual",12.4666666666667,14,"dim\.",8
"334",1956067,"76F9E52427FB004F","electric_bike","2021-07-01 14:25:16","2021-07-01 14:28:24","Ashland Ave & Grace St","13319","Southport Ave & Roscoe St","13071","member",3.13333333333333,14,"jeu\.",7
"335",2462380,"6603025E3B3346EE","classic_bike","2021-08-10 10:56:58","2021-08-10 11:01:50","Lincoln Ave & Roscoe St","TA1307000138","Southport Ave & Waveland Ave","13235","member",4.86666666666667,10,"mar\.",8
"336",2702136,"B4BD1F8F7E214B8A","classic_bike","2021-08-23 12:34:16","2021-08-23 12:42:03","Broadway & Waveland Ave","13325","Clark St & Drummond Pl","TA1307000142","member",7.78333333333333,12,"lun\.",8
"337",451684,"F8B035E0923C3E2F","classic_bike","2021-04-30 14:52:00","2021-04-30 15:04:26","State St & Harrison St","SL-007","Michigan Ave & 14th St","TA1307000124","member",12.4333333333333,14,"ven\.",4
"338",130855,"A262369011A938EB","classic_bike","2021-03-23 13:42:14","2021-03-23 14:15:44","Western & 28th - Velasquez Institute Vaccination Site","KA1504000168","Ogden Ave & Chicago Ave","TA1305000020","member",33.5,13,"mar\.",3
"339",1295901,"450B24429B7E6C4B","classic_bike","2021-06-12 18:49:10","2021-06-12 18:54:54","Milwaukee Ave & Wabansia Ave","13243","Honore St & Division St","TA1305000034","member",5.73333333333333,18,"sam\.",6
"340",1653390,"2B0597D9923D1CB0","classic_bike","2021-07-26 06:54:59","2021-07-26 06:58:09","Millennium Park","13008","LaSalle St & Jackson Blvd","TA1309000004","member",3.16666666666667,6,"lun\.",7
"341",2999232,"8B58BD5069F144B7","classic_bike","2021-09-08 14:54:38","2021-09-08 14:59:51","Damen Ave & Sunnyside Ave","TA1309000012","Ravenswood Ave & Irving Park Rd","TA1307000149","member",5.21666666666667,14,"mer\.",9
"342",427310,"2840EA11D4BAC5CC","classic_bike","2021-04-12 11:12:46","2021-04-12 11:52:37","Marquette Ave & 89th St","20239","Marquette Ave & 89th St","20239","casual",39.85,11,"lun\.",4
"343",1820995,"C586A83AEF1371DB","electric_bike","2021-07-13 18:14:16","2021-07-13 18:28:17","Lincoln Ave & Fullerton Ave","TA1309000058","Lake Shore Dr & North Blvd","LF-005","casual",14.0166666666667,18,"mar\.",7
"344",3396088,"BFEBA0045E27FE11","classic_bike","2021-09-23 22:01:31","2021-09-23 22:19:00","Clifton Ave & Armitage Ave","TA1307000163","Damen Ave & Chicago Ave","13132","member",17.4833333333333,22,"jeu\.",9
"345",2086650,"89262B581D433956","classic_bike","2021-07-19 20:36:34","2021-07-19 20:42:30","Wells St & Walton St","TA1306000011","Clybourn Ave & Division St","TA1307000115","casual",5.93333333333333,20,"lun\.",7
"346",3449761,"BE1628CBFCE39E99","electric_bike","2021-09-27 07:59:42","2021-09-27 08:08:38","Canal St & Jackson Blvd","13138","Wabash Ave & Wacker Pl","TA1307000131","member",8.93333333333333,7,"lun\.",9
"347",3653919,"10CA1320D7E714DA","classic_bike","2021-10-17 17:44:31","2021-10-17 18:14:05","Theater on the Lake","TA1308000001","Michigan Ave & Lake St","TA1305000011","casual",29.5666666666667,17,"dim\.",10
"348",2333548,"B520516627796AA2","classic_bike","2021-08-15 23:15:02","2021-08-15 23:48:59","Michigan Ave & Jackson Blvd","TA1309000002","Michigan Ave & Jackson Blvd","TA1309000002","casual",33.95,23,"dim\.",8
"349",3393237,"50768830D24C197C","electric_bike","2021-09-01 17:15:54","2021-09-01 17:21:37","Federal St & Polk St","SL-008","Wabash Ave & Roosevelt Rd","TA1305000002","member",5.71666666666667,17,"mer\.",9
"350",3254214,"0E972DA10FC90033","classic_bike","2021-09-11 03:16:42","2021-09-11 03:19:11","Clark St & Chicago Ave","13303","Clark St & Elm St","TA1307000039","member",2.48333333333333,3,"sam\.",9
"351",3714305,"2FF3BFF44CF8689F","classic_bike","2021-10-28 12:34:06","2021-10-28 12:47:59","Desplaines St & Randolph St","15535","Wells St & Polk St","SL-011","member",13.8833333333333,12,"jeu\.",10
"352",3530957,"5FD05087433D6A6F","classic_bike","2021-09-14 21:15:27","2021-09-14 21:20:06","Sheffield Ave & Willow St","TA1306000032","Sedgwick St & North Ave","TA1307000038","member",4.65,21,"mar\.",9
"353",3153205,"A98F8D9F9EF1C1D8","electric_bike","2021-09-03 17:43:02","2021-09-03 17:59:37","Clark St & Armitage Ave","13146","Elizabeth (May) St & Fulton St","13197","casual",16.5833333333333,17,"ven\.",9
"354",3696103,"AC745BF05DD45254","electric_bike","2021-10-07 19:58:21","2021-10-07 20:05:35","Wells St & Evergreen Ave","TA1308000049","Franklin St & Lake St","TA1307000111","member",7.23333333333333,19,"jeu\.",10
"355",34606,"9F6C6D7B73F48D0F","electric_bike","2021-01-17 13:50:21","2021-01-17 14:23:31","Rush St & Cedar St","KA1504000133","Dayton St & North Ave","13058","member",33.1666666666667,13,"dim\.",1
"356",3660759,"04ED9C7FA43BAB1A","classic_bike","2021-10-16 19:01:44","2021-10-16 19:20:34","Lincoln Ave & Diversey Pkwy","TA1307000064","California Ave & Altgeld St","15646","member",18.8333333333333,19,"sam\.",10
"357",3048853,"ABFB175310008D81","classic_bike","2021-09-26 10:33:17","2021-09-26 10:54:10","Harper Ave & 59th St","KA1503000070","Kimbark Ave & 53rd St","TA1309000037","member",20.8833333333333,10,"dim\.",9
"358",240117,"9A4DC252436F9990","classic_bike","2021-03-21 15:36:42","2021-03-21 16:29:08","Broadway & Cornelia Ave","13278","Broadway & Cornelia Ave","13278","casual",52.4333333333333,15,"dim\.",3
"359",3943599,"0617B92454B8D708","classic_bike","2021-10-12 17:42:32","2021-10-12 17:50:51","Broadway & Barry Ave","13137","Lakeview Ave & Fullerton Pkwy","TA1309000019","casual",8.31666666666667,17,"mar\.",10
"360",1696347,"84865237A9FBD14C","classic_bike","2021-07-29 19:11:57","2021-07-29 19:33:55","Halsted St & Roscoe St","TA1309000025","Troy St & Elston Ave","15631","member",21.9666666666667,19,"jeu\.",7
"361",4280069,"09F69D9227D7C622","classic_bike","2021-11-20 19:04:06","2021-11-20 19:30:14","Lincoln Park Conservatory","LP-","Dearborn Pkwy & Delaware Pl","TA1307000128","member",26.1333333333333,19,"sam\.",11
"362",4465304,"131630FB92B5CA8D","electric_bike","2021-12-08 14:36:56","2021-12-08 14:40:13","Wilton Ave & Belmont Ave","TA1307000134","Halsted St & Roscoe St","TA1309000025","member",3.28333333333333,14,"mer\.",12
"363",3966209,"309F32272BF0AA8E","electric_bike","2021-10-12 10:19:57","2021-10-12 10:26:50","Sacramento Ave & Pershing Rd","339","Leavitt St & Archer Ave","KA1503000068","casual",6.88333333333333,10,"mar\.",10
"364",2266089,"6BD7D5B94BAD5AFF","classic_bike","2021-07-27 12:21:03","2021-07-27 13:23:40","LaSalle St & Adams St","KA1503000034","Streeter Dr & Grand Ave","13022","casual",62.6166666666667,12,"mar\.",7
"365",1665213,"8C370418AE44F1BD","electric_bike","2021-07-09 07:04:57","2021-07-09 07:09:50","LaSalle St & Washington St","13006","Dearborn St & Erie St","13045","member",4.88333333333333,7,"ven\.",7
"366",3024456,"4DB81C4E23FD65A4","classic_bike","2021-09-16 09:58:51","2021-09-16 10:03:30","Michigan Ave & Madison St","13036","Clark St & Randolph St","TA1305000030","member",4.65,9,"jeu\.",9
"367",2279477,"4E436A6267793599","classic_bike","2021-07-03 15:49:21","2021-07-03 15:52:02","Franklin St & Chicago Ave","13017","Franklin St & Chicago Ave","13017","casual",2.68333333333333,15,"sam\.",7
"368",1755910,"A72410D57E7FE27A","classic_bike","2021-07-10 13:08:25","2021-07-10 13:20:26","Dusable Harbor","KA1503000064","Lake Shore Dr & Monroe St","13300","casual",12.0166666666667,13,"sam\.",7
"369",687542,"278CA4D5693569DE","classic_bike","2021-05-05 07:23:12","2021-05-05 07:45:02","Artesian Ave & Hubbard St","15664","Kedzie Ave & Roosevelt Rd","15682","casual",21.8333333333333,7,"mer\.",5
"370",483947,"E75B1F337E39D586","classic_bike","2021-04-28 09:15:27","2021-04-28 09:24:00","Broadway & Sheridan Rd","13323","Broadway & Barry Ave","13137","member",8.55,9,"mer\.",4
"371",3814479,"596D51B222F34E54","classic_bike","2021-10-20 11:28:54","2021-10-20 11:44:05","Walsh Park","18067","Ashland Ave & Wellington Ave","13269","member",15.1833333333333,11,"mer\.",10
"372",3362682,"E76A10B79EFFC8CA","classic_bike","2021-09-04 15:42:13","2021-09-04 15:54:46","Montrose Harbor","TA1308000012","Broadway & Wilson - Truman College Vaccination Site","13074","member",12.55,15,"sam\.",9
"373",4106344,"523FF82A7F2D9341","classic_bike","2021-11-02 15:57:58","2021-11-02 16:04:04","Green St & Madison St","TA1307000120","Desplaines St & Kinzie St","TA1306000003","member",6.1,15,"mar\.",11
"374",3305919,"188CA1542240EE2E","classic_bike","2021-09-18 22:45:25","2021-09-18 23:08:51","Clark St & Grace St","TA1307000127","Damen Ave & Foster Ave","KA1504000149","casual",23.4333333333333,22,"sam\.",9
"375",4316933,"B8E3413447CD2990","electric_bike","2021-12-31 18:01:08","2021-12-31 18:22:31","Spaulding Ave & Armitage Ave","15650","Clark St & North Ave","13128","casual",21.3833333333333,18,"ven\.",12
"376",1246604,"0BB73671E087BA7F","electric_bike","2021-06-17 08:00:52","2021-06-17 08:10:26","State St & Randolph St","TA1305000029","Federal St & Polk St","SL-008","member",9.56666666666667,8,"jeu\.",6
"377",3660611,"887F617941290CA6","electric_bike","2021-10-25 02:25:57","2021-10-25 02:29:30","Rhodes Ave & 32nd St","13215","Indiana Ave & 31st St","TA1308000036","member",3.55,2,"lun\.",10
"378",1526258,"82EC25EE33EB02E3","classic_bike","2021-06-14 14:13:30","2021-06-14 14:38:20","Clark St & Schreiber Ave","KA1504000156","Sheridan Rd & Buena Ave","TA1309000027","member",24.8333333333333,14,"lun\.",6
"379",2678419,"FCB1C33A33757F7D","docked_bike","2021-08-23 15:08:38","2021-08-23 15:31:26","Streeter Dr & Grand Ave","13022","Orleans St & Merchandise Mart Plaza","TA1305000022","casual",22.8,15,"lun\.",8
"380",660117,"CAA3223B199E6915","docked_bike","2021-05-31 18:50:19","2021-05-31 20:47:15","Streeter Dr & Grand Ave","13022","Michigan Ave & Washington St","13001","casual",116.933333333333,18,"lun\.",5
"381",506631,"433292EF243EAA33","classic_bike","2021-04-06 06:51:32","2021-04-06 07:05:26","Lakefront Trail & Wilson Ave","639","Broadway & Belmont Ave","13277","member",13.9,6,"mar\.",4
"382",2315745,"9E70810A07662D04","classic_bike","2021-08-22 15:31:46","2021-08-22 16:01:54","Streeter Dr & Grand Ave","13022","Clark St & Armitage Ave","13146","casual",30.1333333333333,15,"dim\.",8
"383",201567,"8603867F4F1A88F0","classic_bike","2021-03-30 11:22:57","2021-03-30 11:30:56","Broadway & Waveland Ave","13325","Lakefront Trail & Wilson Ave","639","casual",7.98333333333333,11,"mar\.",3
"384",2216285,"1AA6F6E2210391EB","classic_bike","2021-07-01 17:01:36","2021-07-01 17:15:11","Wells St & Hubbard St","TA1307000151","Wabash Ave & 16th St","SL-012","member",13.5833333333333,17,"jeu\.",7
"385",1063318,"CB7F4DA13081D5D1","docked_bike","2021-06-08 15:45:53","2021-06-08 16:12:52","Dearborn St & Adams St","TA1305000005","Clinton St & Jackson Blvd","638","casual",26.9833333333333,15,"mar\.",6
